\date,gasflare,copd_cases
2018-01-03,1353.1,229
2018-01-05,1256.99,238
2018-01-08,1070.29,190
2018-01-08,1395.25,227
2018-01-08,1166.18,197
2018-01-08,1159.43,231
2018-01-10,775.74,149
2018-01-12,618.98,143
2018-01-12,933.06,176
2018-01-15,1134.85,188
2018-01-18,951.83,167
2018-01-21,798.57,167
2018-01-21,580.51,136
2018-01-22,657.64,136
2018-01-24,752.57,146
2018-01-24,634.47,154
2018-01-26,1127.6,176
2018-01-26,1267.2,234
2018-01-26,1001.74,224
2018-01-27,1066.69,173
2018-01-29,766.83,111
2018-02-01,972.46,201
2018-02-01,820.42,157
2018-02-04,918.15,167
2018-02-04,1150.14,214
2018-02-04,1361.72,205
2018-02-04,1284.35,191
2018-02-06,1280.68,194
2018-02-06,1456.1,234
2018-02-06,1209.19,260
2018-02-11,491.04,118
2018-02-12,613.47,171
2018-02-12,1429.43,255
2018-02-12,608.01,146
2018-02-14,613.09,151
2018-02-19,1322.28,250
2018-02-20,1295.08,221
2018-02-21,943.94,155
2018-02-21,832.83,173
2018-02-23,692.29,126
2018-02-24,1285.61,210
2018-02-25,948.16,187
2018-02-25,1056.17,201
2018-02-26,922.12,157
2018-02-27,857.35,189
2018-03-03,1354.25,223
2018-03-04,1284.18,239
2018-03-04,637.62,143
2018-03-05,1374.57,236
2018-03-05,1094.92,221
2018-03-06,1431.53,255
2018-03-07,615.48,146
2018-03-08,1467.03,220
2018-03-08,1409.04,232
2018-03-08,862.39,187
2018-03-09,655.09,146
2018-03-10,577.75,209
2018-03-11,1028.62,175
2018-03-11,1262.78,249
2018-03-17,1274.4,203
2018-03-17,1281.0,238
2018-03-17,653.75,171
2018-03-19,1020.03,196
2018-03-19,767.77,175
2018-03-19,1278.04,213
2018-03-20,1183.74,203
2018-03-20,1138.76,257
2018-03-21,512.42,108
2018-03-22,715.64,151
2018-03-24,831.41,141
2018-03-25,813.2,144
2018-03-26,780.22,181
2018-03-26,1310.62,275
2018-03-26,1119.77,188
2018-03-27,888.93,154
2018-03-27,1236.66,227
2018-03-30,1412.08,216
2018-03-30,1154.03,214
2018-03-31,604.35,131
2018-03-31,1155.44,194
2018-03-31,855.91,184
2018-04-01,1128.02,195
2018-04-03,999.27,175
2018-04-07,1070.54,193
2018-04-09,913.41,171
2018-04-10,1000.96,157
2018-04-10,942.71,162
2018-04-13,683.72,174
2018-04-14,550.12,129
2018-04-15,691.17,137
2018-04-16,1591.15,295
2018-04-18,931.74,157
2018-04-19,1272.0,216
2018-04-20,1420.85,259
2018-04-20,661.99,171
2018-04-21,1119.78,192
2018-04-22,1275.27,245
2018-04-22,1394.21,239
2018-04-24,983.71,166
2018-04-25,690.78,158
2018-04-25,1528.47,225
2018-04-27,1059.52,183
2018-04-28,693.49,112
2018-04-28,869.55,141
2018-04-30,586.82,109
2018-05-02,1357.97,244
2018-05-03,1415.55,265
2018-05-04,909.68,160
2018-05-05,644.52,128
2018-05-06,1050.05,184
2018-05-08,1152.53,191
2018-05-09,1239.52,216
2018-05-11,1159.69,228
2018-05-11,681.34,133
2018-05-11,1295.13,232
2018-05-11,908.78,159
2018-05-12,768.01,153
2018-05-13,758.4,156
2018-05-14,609.89,150
2018-05-16,861.24,174
2018-05-18,1453.24,194
2018-05-23,806.26,150
2018-05-23,659.35,137
2018-05-28,1352.44,197
2018-05-28,1227.25,197
2018-05-29,844.1,147
2018-05-30,1272.58,205
2018-05-31,889.54,133
2018-06-01,1395.11,220
2018-06-01,615.14,149
2018-06-02,1095.09,203
2018-06-04,651.08,131
2018-06-04,1422.52,274
2018-06-05,625.51,130
2018-06-08,524.09,86
2018-06-08,1119.94,204
2018-06-11,1268.02,224
2018-06-11,1387.69,200
2018-06-14,975.3,173
2018-06-15,460.18,94
2018-06-15,712.61,138
2018-06-19,629.83,119
2018-06-20,1064.13,234
2018-06-20,1181.19,198
2018-06-22,1492.97,253
2018-06-24,1149.1,204
2018-06-24,598.12,119
2018-06-24,1003.3,182
2018-06-28,882.22,231
2018-07-03,1007.11,175
2018-07-04,953.57,139
2018-07-04,1220.13,192
2018-07-05,1403.89,188
2018-07-07,875.04,219
2018-07-08,934.29,178
2018-07-11,997.67,164
2018-07-11,519.42,134
2018-07-11,1444.17,273
2018-07-12,888.45,158
2018-07-13,545.0,130
2018-07-19,1268.67,237
2018-07-19,530.7,102
2018-07-20,543.53,145
2018-07-22,1016.56,196
2018-07-23,921.33,165
2018-07-25,855.89,174
2018-07-26,1191.45,219
2018-07-27,840.93,156
2018-07-28,1163.26,181
2018-07-28,905.32,163
2018-07-30,1231.17,213
2018-07-30,781.42,136
2018-07-31,1377.83,200
2018-08-02,1140.22,194
2018-08-02,950.2,179
2018-08-04,948.31,175
2018-08-06,1084.71,180
2018-08-07,1362.02,226
2018-08-07,1344.3,220
2018-08-07,1429.47,209
2018-08-08,1045.89,201
2018-08-09,810.13,158
2018-08-09,1186.48,172
2018-08-11,1458.98,226
2018-08-11,1112.69,194
2018-08-12,855.02,168
2018-08-13,1205.6,232
2018-08-14,524.33,124
2018-08-17,1484.75,253
2018-08-19,1163.61,208
2018-08-20,1464.24,253
2018-08-21,1307.76,228
2018-08-21,1411.1,222
2018-08-24,507.13,121
2018-08-25,959.31,155
2018-08-25,1253.38,197
2018-08-26,1399.23,242
2018-08-26,1522.91,220
2018-08-27,1263.15,190
2018-08-29,992.56,173
2018-08-30,1385.59,272
2018-08-31,539.59,169
2018-09-01,846.57,196
2018-09-02,724.59,118
2018-09-02,874.68,165
2018-09-05,939.0,198
2018-09-05,719.32,159
2018-09-05,901.38,166
2018-09-07,939.61,162
2018-09-08,536.98,117
2018-09-08,866.73,149
2018-09-09,1030.0,190
2018-09-10,709.35,146
2018-09-10,655.78,157
2018-09-11,1142.97,170
2018-09-12,725.44,157
2018-09-13,665.3,158
2018-09-14,1103.73,211
2018-09-14,518.65,123
2018-09-16,767.99,163
2018-09-17,1185.63,212
2018-09-18,1020.11,210
2018-09-18,578.5,144
2018-09-20,654.26,142
2018-09-21,1285.57,223
2018-09-21,1056.3,193
2018-09-22,881.29,177
2018-09-23,1343.92,231
2018-09-24,1262.87,228
2018-09-26,605.15,124
2018-09-26,588.07,127
2018-09-26,889.63,174
2018-09-30,1100.01,217
2018-10-01,1290.42,194
2018-10-02,803.44,160
2018-10-03,1333.57,205
2018-10-05,1475.64,211
2018-10-12,1371.6,266
2018-10-14,1142.84,223
2018-10-14,808.69,156
2018-10-15,580.72,105
2018-10-17,482.12,101
2018-10-18,1000.29,178
2018-10-18,1592.76,275
2018-10-18,1158.0,174
2018-10-23,508.36,107
2018-10-24,604.65,156
2018-10-31,1011.51,183
2018-11-01,1017.08,176
2018-11-02,923.03,159
2018-11-03,1266.21,209
2018-11-06,1271.67,217
2018-11-10,1556.74,239
2018-11-11,1240.32,203
2018-11-12,1007.21,183
2018-11-15,1203.06,177
2018-11-15,503.89,94
2018-11-16,791.68,150
2018-11-18,1230.31,234
2018-11-18,809.67,108
2018-11-19,455.13,121
2018-11-21,1030.3,194
2018-11-23,1454.5,205
2018-11-23,1546.48,217
2018-11-23,730.79,157
2018-11-24,543.89,133
2018-11-24,901.73,168
2018-11-28,1119.79,230
2018-11-28,1484.35,232
2018-11-29,738.2,160
2018-11-29,1479.15,253
2018-11-30,1513.38,249
2018-12-02,1147.6,228
2018-12-03,963.62,181
2018-12-04,1184.16,172
2018-12-05,1409.99,221
2018-12-06,917.3,175
2018-12-06,586.79,119
2018-12-09,542.73,121
2018-12-10,1401.64,212
2018-12-11,1542.77,215
2018-12-11,1084.98,173
2018-12-12,1473.16,233
2018-12-14,1203.96,199
2018-12-14,865.07,181
2018-12-15,646.58,154
2018-12-16,654.05,121
2018-12-18,644.99,122
2018-12-19,1412.49,240
2018-12-22,1279.13,214
2018-12-23,1545.34,248
2018-12-26,417.25,101
2018-12-26,906.52,180
2018-12-28,877.94,201
2018-12-29,840.3,167
2018-12-29,755.8,147
2018-12-30,755.09,123
2018-12-30,1422.49,253
2018-12-31,773.44,178
2019-01-02,850.14,170
2019-01-04,1507.06,202
2019-01-05,1031.98,196
2019-01-06,1110.67,189
2019-01-08,735.66,140
2019-01-09,1340.28,256
2019-01-10,897.96,147
2019-01-13,789.55,178
2019-01-14,1354.71,217
2019-01-15,978.33,201
2019-01-15,1196.66,192
2019-01-16,1438.92,233
2019-01-16,671.31,181
2019-01-17,1042.12,215
2019-01-17,1350.91,194
2019-01-18,948.67,178
2019-01-19,944.68,209
2019-01-20,1176.49,185
2019-01-20,1014.38,206
2019-01-21,981.47,192
2019-01-22,1078.7,163
2019-01-26,649.56,118
2019-01-27,1381.04,246
2019-01-27,784.83,140
2019-01-30,953.37,164
2019-01-31,639.41,155
2019-02-01,1043.82,169
2019-02-02,1102.14,193
2019-02-04,878.9,158
2019-02-04,1174.27,196
2019-02-05,751.53,175
2019-02-05,753.48,140
2019-02-06,955.66,171
2019-02-06,701.16,131
2019-02-12,526.29,151
2019-02-13,1509.8,211
2019-02-15,1248.57,195
2019-02-17,745.07,130
2019-02-18,810.28,158
2019-02-18,899.16,167
2019-02-18,1130.21,177
2019-02-20,1354.95,232
2019-02-21,1386.24,222
2019-02-21,563.71,140
2019-02-21,1348.6,186
2019-02-22,720.94,160
2019-02-22,857.88,174
2019-02-23,836.58,169
2019-02-26,1132.97,209
2019-02-27,907.68,144
2019-02-27,548.34,87
2019-02-28,803.58,102
2019-02-28,629.2,137
2019-03-02,1185.08,180
2019-03-03,1282.12,220
2019-03-03,758.72,149
2019-03-05,827.91,161
2019-03-05,1190.28,210
2019-03-05,649.03,126
2019-03-07,1144.41,169
2019-03-08,519.44,86
2019-03-09,1432.3,211
2019-03-10,550.02,135
2019-03-10,566.62,152
2019-03-10,1052.54,206
2019-03-13,706.36,165
2019-03-17,1286.14,209
2019-03-17,1351.91,198
2019-03-18,1380.83,252
2019-03-18,997.94,196
2019-03-19,713.67,152
2019-03-20,1227.13,210
2019-03-21,946.81,192
2019-03-22,1195.36,185
2019-03-22,904.7,187
2019-03-23,960.13,215
2019-03-23,1345.97,221
2019-03-23,1310.91,237
2019-03-24,696.39,151
2019-03-25,1035.02,184
2019-03-26,1350.33,242
2019-03-26,600.64,107
2019-03-27,911.59,203
2019-03-28,767.97,159
2019-03-28,947.16,174
2019-03-29,1127.48,184
2019-03-31,1352.4,209
2019-04-01,810.94,141
2019-04-03,1453.37,233
2019-04-03,1194.96,173
2019-04-05,932.13,193
2019-04-05,743.61,159
2019-04-10,1221.75,170
2019-04-12,922.42,199
2019-04-13,1485.77,234
2019-04-13,1110.05,189
2019-04-15,1318.74,237
2019-04-16,1275.8,182
2019-04-17,1311.53,211
2019-04-17,802.77,132
2019-04-17,721.43,139
2019-04-17,1344.27,217
2019-04-18,1120.03,175
2019-04-18,806.61,170
2019-04-19,1369.8,209
2019-04-20,650.87,133
2019-04-20,1018.78,186
2019-04-20,1287.17,206
2019-04-20,1385.6,228
2019-04-22,608.65,115
2019-04-24,1083.62,181
2019-04-25,1342.66,227
2019-04-27,1120.95,183
2019-04-28,1330.01,200
2019-04-30,1386.19,235
2019-05-01,1411.11,225
2019-05-02,705.31,138
2019-05-02,1073.83,195
2019-05-03,1362.51,245
2019-05-04,706.77,152
2019-05-06,993.47,156
2019-05-07,1094.23,198
2019-05-07,723.99,171
2019-05-08,684.97,100
2019-05-09,1485.09,241
2019-05-10,1034.16,193
2019-05-11,1154.61,182
2019-05-15,1434.03,219
2019-05-16,969.68,184
2019-05-18,989.98,193
2019-05-19,818.5,159
2019-05-21,1329.86,207
2019-05-22,1267.55,198
2019-05-24,1513.26,224
2019-05-25,777.96,169
2019-05-25,1167.24,208
2019-05-26,932.03,168
2019-05-27,1488.29,269
2019-05-28,627.35,124
2019-05-28,1392.04,234
2019-05-30,638.08,117
2019-06-02,1109.03,195
2019-06-03,775.35,159
2019-06-05,1234.11,205
2019-06-06,1390.08,229
2019-06-06,906.12,163
2019-06-08,725.96,199
2019-06-09,569.55,113
2019-06-09,640.28,121
2019-06-15,1220.77,206
2019-06-18,884.13,194
2019-06-18,830.45,167
2019-06-19,1065.77,214
2019-06-19,602.7,135
2019-06-21,964.13,172
2019-06-21,1277.02,228
2019-06-22,1111.8,203
2019-06-23,1390.28,190
2019-06-24,1342.93,178
2019-06-25,830.23,166
2019-06-26,1304.21,249
2019-06-26,592.96,108
2019-06-27,1133.69,211
2019-06-29,1077.27,174
2019-06-30,787.68,136
2019-06-30,842.16,126
2019-07-02,594.53,148
2019-07-02,918.94,157
2019-07-06,1132.66,209
2019-07-08,748.91,139
2019-07-10,1310.43,226
2019-07-11,1399.9,239
2019-07-12,1113.65,183
2019-07-14,1343.27,231
2019-07-18,1467.8,246
2019-07-19,1067.62,178
2019-07-21,520.28,113
2019-07-22,685.22,144
2019-07-23,1563.13,279
2019-07-23,696.03,167
2019-07-24,856.76,151
2019-07-25,816.75,145
2019-07-27,572.14,127
2019-07-29,1009.9,193
2019-07-30,1085.85,197
2019-07-31,655.01,126
2019-08-01,995.61,184
2019-08-02,1066.64,201
2019-08-02,1107.02,164
2019-08-03,614.62,128
2019-08-04,592.84,98
2019-08-04,729.8,109
2019-08-06,1196.93,187
2019-08-06,1255.82,199
2019-08-08,1516.09,250
2019-08-08,1140.5,210
2019-08-14,1330.03,222
2019-08-14,1229.82,246
2019-08-14,854.99,159
2019-08-15,1124.03,169
2019-08-15,1332.65,194
2019-08-18,1370.61,203
2019-08-20,1352.43,221
2019-08-21,838.88,176
2019-08-21,459.1,89
2019-08-22,1033.62,181
2019-08-26,1248.91,289
2019-08-26,911.87,175
2019-08-28,1284.83,205
2019-08-31,1331.88,223
2019-09-01,1364.78,239
2019-09-02,778.99,120
2019-09-02,1280.88,223
2019-09-04,1031.22,152
2019-09-06,1400.27,254
2019-09-09,683.62,146
2019-09-10,457.74,121
2019-09-11,846.41,149
2019-09-12,1278.83,187
2019-09-12,1107.46,223
2019-09-12,647.83,146
2019-09-14,1118.8,210
2019-09-19,1370.95,221
2019-09-19,957.84,173
2019-09-20,842.44,145
2019-09-20,934.68,158
2019-09-20,1211.84,217
2019-09-23,697.15,145
2019-09-23,558.04,132
2019-09-27,1377.76,226
2019-09-29,1501.24,265
2019-09-30,1239.66,226
2019-10-01,1204.5,230
2019-10-04,1108.34,186
2019-10-04,944.26,162
2019-10-04,718.85,158
2019-10-04,707.53,161
2019-10-05,641.03,192
2019-10-05,1492.59,228
2019-10-05,1038.53,159
2019-10-06,479.88,129
2019-10-06,1433.0,193
2019-10-07,1018.24,216
2019-10-08,1159.46,218
2019-10-08,570.57,154
2019-10-10,1309.26,226
2019-10-11,1334.64,182
2019-10-11,487.53,111
2019-10-11,1403.9,213
2019-10-13,1581.67,255
2019-10-19,921.02,182
2019-10-22,1187.68,214
2019-10-23,911.32,190
2019-10-24,1159.32,169
2019-10-27,891.76,161
2019-11-02,630.88,135
2019-11-03,603.05,164
2019-11-03,958.28,193
2019-11-03,828.29,199
2019-11-07,963.67,198
2019-11-08,1259.13,200
2019-11-09,1106.52,178
2019-11-10,1190.49,252
2019-11-11,667.0,120
2019-11-11,1524.16,230
2019-11-14,595.71,131
2019-11-15,529.18,91
2019-11-15,746.69,141
2019-11-15,718.98,153
2019-11-16,1102.82,203
2019-11-17,807.14,138
2019-11-17,682.42,151
2019-11-18,1168.53,220
2019-11-20,555.57,140
2019-11-21,818.37,164
2019-11-21,1475.24,225
2019-11-23,746.91,142
2019-11-23,771.29,174
2019-11-24,1370.45,202
2019-11-24,1465.15,230
2019-11-24,897.63,178
2019-11-26,861.3,166
2019-11-27,494.84,115
2019-11-28,605.64,119
2019-11-30,907.63,203
2019-11-30,726.94,175
2019-12-01,1541.44,260
2019-12-02,1089.31,194
2019-12-02,996.09,178
2019-12-02,1440.78,236
2019-12-03,1304.99,212
2019-12-03,1190.19,232
2019-12-05,1320.44,215
2019-12-07,1101.0,203
2019-12-07,1345.91,224
2019-12-10,855.62,167
2019-12-10,663.86,131
2019-12-14,1386.85,233
2019-12-14,1037.08,173
2019-12-15,684.71,148
2019-12-17,586.69,148
2019-12-18,1253.05,216
2019-12-18,1382.05,222
2019-12-22,498.02,106
2019-12-23,1289.87,204
2019-12-24,514.1,96
2019-12-25,524.84,123
2019-12-27,799.02,154
2019-12-28,731.87,185
2019-12-29,1046.81,168
2019-12-30,906.38,144
2020-01-04,1415.97,202
2020-01-04,521.23,139
2020-01-05,1281.2,209
2020-01-06,1454.82,240
2020-01-07,489.29,116
2020-01-12,770.72,176
2020-01-14,532.88,157
2020-01-16,577.25,142
2020-01-16,973.5,146
2020-01-16,1027.63,189
2020-01-17,1036.17,211
2020-01-17,1460.86,229
2020-01-17,1326.09,231
2020-01-19,487.53,152
2020-01-20,567.27,137
2020-01-21,798.02,169
2020-01-21,1296.28,194
2020-01-22,970.63,187
2020-01-25,1209.37,197
2020-01-28,1247.77,199
2020-01-28,718.68,172
2020-01-29,1160.39,214
2020-01-30,796.74,155
2020-01-31,1476.81,228
2020-02-01,934.97,182
2020-02-02,570.16,129
2020-02-03,879.15,170
2020-02-04,1299.53,179
2020-02-06,1203.38,239
2020-02-06,1130.61,214
2020-02-06,848.6,149
2020-02-11,966.53,211
2020-02-17,872.94,185
2020-02-17,860.2,133
2020-02-18,826.98,171
2020-02-18,1361.0,222
2020-02-22,565.05,149
2020-02-26,1435.01,237
2020-02-27,620.12,122
2020-02-28,1023.17,171
2020-02-28,1143.44,229
2020-02-28,1327.34,177
2020-03-01,803.59,210
2020-03-01,946.42,148
2020-03-04,940.19,174
2020-03-04,1203.8,200
2020-03-05,1502.99,239
2020-03-08,881.32,146
2020-03-08,660.6,98
2020-03-14,844.91,215
2020-03-14,1003.18,191
2020-03-15,1178.1,198
2020-03-17,1527.38,257
2020-03-17,647.52,110
2020-03-17,687.85,127
2020-03-19,1361.67,200
2020-03-19,735.55,152
2020-03-19,923.91,173
2020-03-23,1453.25,257
2020-03-24,759.27,197
2020-03-25,757.92,112
2020-03-25,900.8,155
2020-03-26,613.21,149
2020-03-30,942.53,185
2020-04-02,740.47,183
2020-04-05,1417.89,187
2020-04-06,499.46,141
2020-04-06,1148.87,193
2020-04-07,701.77,170
2020-04-10,1449.17,250
2020-04-10,1236.22,213
2020-04-10,964.93,186
2020-04-11,747.88,130
2020-04-13,1266.83,235
2020-04-13,1057.54,186
2020-04-14,697.71,117
2020-04-15,1062.56,172
2020-04-16,1506.3,225
2020-04-17,1339.22,229
2020-04-20,1420.43,228
2020-04-20,1319.45,212
2020-04-20,1177.09,212
2020-04-21,1436.27,241
2020-04-23,1437.32,219
2020-04-26,1150.63,215
2020-04-26,664.43,109
2020-04-27,1110.1,184
2020-04-30,1118.66,200
2020-05-01,1053.75,170
2020-05-01,1421.03,232
2020-05-03,540.18,131
2020-05-05,1415.06,229
2020-05-05,703.16,141
2020-05-07,1252.49,226
2020-05-08,746.52,171
2020-05-08,1429.28,217
2020-05-09,1399.27,238
2020-05-10,622.1,167
2020-05-13,479.93,133
2020-05-15,749.93,193
2020-05-20,1500.89,220
2020-05-20,649.8,116
2020-05-21,685.36,137
2020-05-22,713.31,156
2020-05-22,909.04,195
2020-05-26,821.67,178
2020-05-28,707.18,151
2020-06-04,1355.93,229
2020-06-05,1142.57,175
2020-06-05,1015.8,172
2020-06-06,598.43,118
2020-06-10,1486.5,245
2020-06-11,1395.41,234
2020-06-12,1067.8,188
2020-06-12,1463.18,202
2020-06-15,1339.81,203
2020-06-17,779.63,128
2020-06-18,1084.85,178
2020-06-18,777.35,156
2020-06-21,1032.16,184
2020-06-21,1168.94,195
2020-06-21,596.88,117
2020-06-23,599.66,150
2020-06-24,812.44,137
2020-06-28,1016.07,205
2020-07-01,1467.87,228
2020-07-02,1427.18,258
2020-07-04,1197.01,211
2020-07-05,1341.65,257
2020-07-05,926.86,178
2020-07-10,648.71,135
2020-07-10,1360.93,192
2020-07-12,754.42,194
2020-07-14,901.98,198
2020-07-15,1272.69,240
2020-07-15,1397.0,213
2020-07-16,1328.57,232
2020-07-19,1108.93,182
2020-07-19,857.77,149
2020-07-20,749.6,179
2020-07-21,1109.4,212
2020-07-21,766.4,141
2020-07-22,1449.79,271
2020-07-25,1244.04,243
2020-07-25,928.7,156
2020-07-26,1122.18,168
2020-07-31,1377.51,228
2020-07-31,731.69,121
2020-08-04,612.48,171
2020-08-05,595.0,108
2020-08-05,1149.88,201
2020-08-06,930.19,209
2020-08-07,1181.6,218
2020-08-10,1227.66,175
2020-08-11,684.06,138
2020-08-14,1191.05,239
2020-08-17,1259.67,221
2020-08-19,987.26,186
2020-08-19,1399.07,266
2020-08-21,897.51,181
2020-08-22,966.56,151
2020-08-22,1084.7,173
2020-08-22,1231.55,216
2020-08-22,1038.79,188
2020-08-22,882.23,187
2020-08-23,704.74,185
2020-08-24,703.89,120
2020-08-27,959.73,175
2020-08-27,1405.14,178
2020-08-28,1447.13,205
2020-08-31,1282.33,180
2020-08-31,1320.47,208
2020-09-03,612.81,111
2020-09-04,985.26,190
2020-09-06,539.14,134
2020-09-07,443.09,119
2020-09-10,1374.76,198
2020-09-12,431.56,113
2020-09-13,1463.07,226
2020-09-14,1483.91,258
2020-09-15,1126.21,191
2020-09-15,1380.57,193
2020-09-16,821.74,178
2020-09-16,1065.41,212
2020-09-19,1038.84,192
2020-09-19,1097.64,178
2020-09-20,1325.77,187
2020-09-20,1261.41,216
2020-09-26,479.15,132
2020-09-30,1342.62,213
2020-10-03,1214.05,185
2020-10-04,1469.22,224
2020-10-04,984.43,185
2020-10-05,882.49,164
2020-10-06,1000.88,189
2020-10-09,1356.15,218
2020-10-09,991.35,166
2020-10-11,576.28,114
2020-10-15,885.33,152
2020-10-17,1220.22,220
2020-10-18,1379.68,208
2020-10-19,1200.9,206
2020-10-20,1141.86,200
2020-10-20,1123.27,157
2020-10-21,898.85,195
2020-10-22,1468.97,253
2020-10-26,1056.12,218
2020-10-31,1330.0,225
2020-11-01,735.98,137
2020-11-02,1107.0,193
2020-11-04,1338.63,197
2020-11-06,557.16,137
2020-11-07,785.91,164
2020-11-10,690.43,118
2020-11-13,1251.12,196
2020-11-14,827.59,160
2020-11-15,1482.48,270
2020-11-19,1453.85,254
2020-11-19,1243.5,231
2020-11-20,754.59,198
2020-11-21,1037.05,225
2020-11-21,1452.29,234
2020-11-22,643.42,173
2020-11-24,1231.51,209
2020-11-24,1162.51,193
2020-11-24,703.55,154
2020-11-25,1157.37,223
2020-11-25,764.79,136
2020-11-27,883.1,174
2020-11-27,695.84,131
2020-12-01,1029.27,173
2020-12-02,740.31,137
2020-12-02,589.81,101
2020-12-03,964.06,205
2020-12-04,1491.52,213
2020-12-06,1051.58,166
2020-12-07,590.47,122
2020-12-07,899.17,169
2020-12-08,1238.73,196
2020-12-09,1409.89,235
2020-12-09,925.3,197
2020-12-09,814.43,159
2020-12-11,990.77,140
2020-12-13,738.48,160
2020-12-14,737.93,108
2020-12-14,586.99,117
2020-12-15,1471.16,231
2020-12-15,1360.85,239
2020-12-16,810.7,187
2020-12-19,1150.97,204
2020-12-19,1273.95,238
2020-12-20,454.23,108
2020-12-21,898.41,151
2020-12-24,1108.09,152
2020-12-24,1359.42,224
2020-12-26,1393.37,203
2020-12-26,724.62,169
2020-12-29,609.37,155
2020-12-30,1364.02,215
2020-12-31,1266.02,221
2021-01-01,779.25,155
2021-01-05,1054.42,188
2021-01-09,905.55,163
2021-01-12,1211.14,188
2021-01-12,1508.44,210
2021-01-12,1320.19,199
2021-01-12,1383.84,200
2021-01-13,823.69,130
2021-01-14,1172.33,211
2021-01-16,716.84,184
2021-01-16,1228.09,182
2021-01-17,755.5,143
2021-01-17,881.04,183
2021-01-18,819.84,143
2021-01-19,1424.43,234
2021-01-24,1526.98,241
2021-01-24,1009.85,176
2021-01-26,616.05,118
2021-01-27,1479.13,233
2021-01-28,603.75,89
2021-01-29,915.08,141
2021-01-30,1593.17,234
2021-01-31,594.39,123
2021-02-01,1197.47,188
2021-02-02,1331.42,219
2021-02-04,597.37,146
2021-02-04,1073.53,164
2021-02-06,1329.6,212
2021-02-07,874.88,143
2021-02-08,755.09,190
2021-02-09,900.83,167
2021-02-13,1495.97,246
2021-02-23,1241.87,213
2021-02-25,881.91,189
2021-02-25,969.42,169
2021-02-25,1036.35,186
2021-02-26,1527.8,220
2021-02-28,873.98,153
2021-02-28,772.14,182
2021-03-06,860.71,177
2021-03-07,978.93,184
2021-03-11,1174.57,184
2021-03-14,1397.81,216
2021-03-17,1174.19,205
2021-03-17,1278.26,227
2021-03-17,1118.12,182
2021-03-20,1545.76,249
2021-03-23,818.31,151
2021-03-26,671.67,181
2021-03-28,488.47,142
2021-04-01,813.87,149
2021-04-05,1034.02,213
2021-04-05,504.66,93
2021-04-05,479.33,111
2021-04-06,1442.05,190
2021-04-06,647.21,155
2021-04-07,1392.73,253
2021-04-07,684.81,133
2021-04-07,1234.93,232
2021-04-07,870.26,182
2021-04-10,874.37,165
2021-04-11,1198.77,192
2021-04-11,905.3,134
2021-04-11,635.51,119
2021-04-11,925.7,185
2021-04-13,1162.78,218
2021-04-13,1336.33,200
2021-04-15,781.14,145
2021-04-15,1306.13,207
2021-04-15,902.14,190
2021-04-16,964.43,186
2021-04-16,964.16,195
2021-04-18,677.65,105
2021-04-18,1302.36,232
2021-04-21,1175.78,264
2021-04-21,1029.44,195
2021-04-21,1434.86,229
2021-04-22,526.41,143
2021-04-25,1023.53,211
2021-04-26,1403.22,246
2021-04-29,1194.34,226
2021-04-30,639.21,160
2021-04-30,448.95,124
2021-05-03,982.25,202
2021-05-03,1572.78,251
2021-05-04,1096.53,218
2021-05-06,922.72,166
2021-05-07,786.53,137
2021-05-11,1234.83,186
2021-05-11,1028.71,218
2021-05-11,632.26,135
2021-05-11,881.42,197
2021-05-12,600.76,136
2021-05-14,654.36,149
2021-05-15,968.99,157
2021-05-15,644.27,150
2021-05-15,665.56,162
2021-05-18,1264.16,237
2021-05-18,585.06,141
2021-05-19,959.03,188
2021-05-20,844.79,167
2021-05-21,932.21,149
2021-05-24,1461.46,257
2021-05-25,590.98,126
2021-05-26,975.26,171
2021-05-27,589.17,112
2021-05-29,1064.71,155
2021-05-29,1036.52,202
2021-05-30,572.9,165
2021-05-30,1268.65,196
2021-05-30,1052.57,202
2021-06-01,572.88,162
2021-06-01,980.85,179
2021-06-04,1261.45,221
2021-06-04,535.08,114
2021-06-08,1219.41,201
2021-06-10,977.57,185
2021-06-11,689.75,181
2021-06-11,918.91,183
2021-06-12,977.08,203
2021-06-13,809.41,147
2021-06-13,660.65,178
2021-06-13,1227.66,172
2021-06-14,589.17,141
2021-06-14,1171.15,249
2021-06-17,990.44,180
2021-06-19,559.71,108
2021-06-20,952.6,192
2021-06-20,780.35,136
2021-06-21,748.46,138
2021-06-23,1173.09,213
2021-06-23,834.59,162
2021-06-24,1172.15,179
2021-06-25,769.29,172
2021-06-26,487.9,114
2021-06-28,843.89,105
2021-06-29,1403.48,201
2021-07-01,627.29,145
2021-07-01,618.95,149
2021-07-01,1355.7,196
2021-07-02,771.84,129
2021-07-03,641.34,112
2021-07-05,1005.17,147
2021-07-10,868.2,150
2021-07-10,670.73,106
2021-07-12,971.37,230
2021-07-12,1405.34,278
2021-07-14,1234.4,234
2021-07-15,1448.2,234
2021-07-17,835.28,186
2021-07-17,520.37,123
2021-07-21,1435.24,215
2021-07-23,1025.54,196
2021-07-23,658.51,156
2021-07-23,575.18,107
2021-07-24,665.7,155
2021-07-25,1277.71,203
2021-07-25,1242.93,240
2021-07-25,774.4,123
2021-07-26,1211.36,202
2021-07-28,1451.58,237
2021-07-29,931.02,182
2021-07-29,1089.5,202
2021-08-01,1182.06,186
2021-08-02,600.7,148
2021-08-06,1022.43,188
2021-08-06,815.09,163
2021-08-06,1402.01,217
2021-08-09,912.45,163
2021-08-09,927.33,161
2021-08-09,607.89,102
2021-08-10,1102.43,210
2021-08-12,894.56,167
2021-08-12,966.24,175
2021-08-12,1261.71,218
2021-08-14,1139.61,173
2021-08-14,1303.09,217
2021-08-16,613.6,117
2021-08-19,1459.47,222
2021-08-20,880.98,155
2021-08-21,1208.91,181
2021-08-22,780.41,186
2021-08-23,1061.51,244
2021-08-26,1224.19,169
2021-08-26,1115.72,165
2021-08-27,1475.4,219
2021-08-28,853.74,167
2021-08-28,477.41,157
2021-08-28,1367.55,256
2021-08-28,654.49,183
2021-08-29,545.78,141
2021-08-29,1324.63,217
2021-08-29,969.08,171
2021-09-06,734.34,182
2021-09-08,1404.2,230
2021-09-08,1270.27,236
2021-09-09,1036.48,213
2021-09-09,794.12,126
2021-09-10,546.92,132
2021-09-11,1206.32,201
2021-09-12,982.85,177
2021-09-12,1413.04,219
2021-09-13,1044.17,192
2021-09-13,1005.19,164
2021-09-15,1196.85,230
2021-09-17,693.98,173
2021-09-17,626.87,120
2021-09-18,948.31,130
2021-09-19,824.47,133
2021-09-20,1191.06,221
2021-09-21,866.53,156
2021-09-22,1447.19,230
2021-09-26,1072.81,176
2021-09-27,717.35,166
2021-09-27,661.92,134
2021-09-27,1307.61,226
2021-09-28,792.61,170
2021-09-29,523.35,119
2021-09-29,883.62,204
2021-09-29,549.63,104
2021-10-04,1164.02,207
2021-10-09,867.49,157
2021-10-09,1101.98,209
2021-10-10,1013.53,170
2021-10-11,1511.28,244
2021-10-12,623.53,120
2021-10-13,750.33,167
2021-10-15,1277.39,230
2021-10-17,1285.63,206
2021-10-19,929.96,215
2021-10-20,765.15,164
2021-10-20,972.54,149
2021-10-20,1010.57,195
2021-10-25,509.02,131
2021-10-26,527.26,102
2021-10-27,1443.48,188
2021-10-28,1245.21,222
2021-11-01,1057.45,202
2021-11-01,575.68,145
2021-11-03,491.96,131
2021-11-03,1478.26,265
2021-11-04,1558.95,227
2021-11-05,1189.16,176
2021-11-06,557.33,146
2021-11-09,825.13,152
2021-11-09,703.41,113
2021-11-09,1323.48,230
2021-11-10,968.56,169
2021-11-10,863.69,175
2021-11-14,1187.75,210
2021-11-14,1121.81,182
2021-11-15,1059.54,219
2021-11-17,1268.28,221
2021-11-18,644.45,161
2021-11-19,698.42,141
2021-11-20,1262.21,229
2021-11-22,676.78,121
2021-11-22,767.93,161
2021-11-23,1250.47,206
2021-11-25,1395.77,204
2021-11-26,504.72,117
2021-11-29,905.03,194
2021-11-30,546.53,139
2021-12-03,1465.39,253
2021-12-04,980.86,177
2021-12-05,1039.09,217
2021-12-05,1022.0,199
2021-12-06,1032.75,196
2021-12-08,1290.61,209
2021-12-08,1185.09,220
2021-12-10,1151.17,195
2021-12-15,1029.54,180
2021-12-16,864.17,189
2021-12-16,1210.28,224
2021-12-17,1112.63,189
2021-12-18,1389.64,229
2021-12-18,1365.34,216
2021-12-19,967.59,187
2021-12-19,689.54,142
2021-12-20,574.95,134
2021-12-20,1438.54,214
2021-12-22,1653.1,233
2021-12-23,962.96,204
2021-12-24,1268.41,221
2021-12-25,1202.75,213
2021-12-27,946.21,159
2021-12-29,1088.14,210
2021-12-29,1415.27,231
2021-12-30,1142.93,198
2021-12-31,659.92,107
2022-01-01,898.27,174
2022-01-02,1323.32,231
2022-01-02,567.89,142
2022-01-05,1034.96,204
2022-01-05,1453.42,271
2022-01-06,1472.64,214
2022-01-07,1338.62,195
2022-01-10,894.48,233
2022-01-15,629.7,114
2022-01-15,1198.75,189
2022-01-15,800.58,123
2022-01-16,1516.5,245
2022-01-16,1035.5,179
2022-01-16,1236.57,176
2022-01-17,950.12,147
2022-01-19,560.28,117
2022-01-20,1141.51,219
2022-01-23,872.07,179
2022-01-24,1217.21,227
2022-01-25,771.52,167
2022-01-25,788.75,182
2022-01-31,857.56,143
2022-02-01,1543.67,258
2022-02-01,1440.11,216
2022-02-01,841.93,213
2022-02-02,1001.56,165
2022-02-03,1189.82,213
2022-02-03,1400.24,237
2022-02-04,1098.34,222
2022-02-07,1181.52,209
2022-02-08,803.76,119
2022-02-12,1002.55,176
2022-02-12,1349.27,260
2022-02-13,1118.07,156
2022-02-13,838.59,156
2022-02-13,688.05,143
2022-02-14,763.38,148
2022-02-15,1224.32,228
2022-02-16,909.52,158
2022-02-17,1155.89,218
2022-02-17,1296.5,215
2022-02-17,929.78,170
2022-02-19,533.55,115
2022-02-19,987.62,174
2022-02-20,721.19,111
2022-02-22,1097.12,184
2022-02-23,781.64,137
2022-02-23,883.48,138
2022-02-24,1332.08,223
2022-02-25,939.99,188
2022-02-25,632.29,148
2022-02-27,613.1,130
2022-02-27,1033.61,203
2022-02-28,553.37,104
2022-03-02,478.78,122
2022-03-03,387.51,125
2022-03-08,1196.33,198
2022-03-08,736.51,180
2022-03-08,786.02,164
2022-03-09,708.61,169
2022-03-11,956.45,160
2022-03-14,1406.74,233
2022-03-14,1331.94,253
2022-03-16,529.73,111
2022-03-19,1447.41,218
2022-03-21,650.1,132
2022-03-22,1397.99,230
2022-03-23,700.16,148
2022-03-23,792.88,193
2022-03-25,1414.78,228
2022-03-27,846.48,144
2022-03-28,1235.27,196
2022-03-28,1157.76,204
2022-03-28,650.45,154
2022-03-31,1121.67,191
2022-03-31,1289.07,217
2022-03-31,1378.31,207
2022-04-01,1467.11,229
2022-04-03,1030.05,165
2022-04-07,950.0,184
2022-04-08,615.97,167
2022-04-08,1197.48,232
2022-04-09,610.38,131
2022-04-10,822.94,126
2022-04-11,891.78,134
2022-04-13,1109.64,180
2022-04-14,1005.36,182
2022-04-14,996.69,191
2022-04-16,875.79,210
2022-04-17,858.08,141
2022-04-19,1158.53,235
2022-04-22,931.04,159
2022-04-22,1362.41,204
2022-04-30,1216.95,188
2022-05-03,1042.3,191
2022-05-03,1420.97,237
2022-05-04,583.18,104
2022-05-04,1000.4,174
2022-05-04,701.06,138
2022-05-05,1058.2,151
2022-05-06,928.99,187
2022-05-07,796.26,171
2022-05-07,1103.39,227
2022-05-08,1422.66,227
2022-05-10,665.03,188
2022-05-10,1146.89,197
2022-05-13,1151.59,210
2022-05-13,762.73,197
2022-05-13,1167.86,207
2022-05-13,1258.2,237
2022-05-15,1136.58,228
2022-05-15,1369.13,252
2022-05-16,1202.99,177
2022-05-18,1450.92,245
2022-05-19,1159.44,220
2022-05-19,641.02,138
2022-05-20,1386.36,256
2022-05-20,731.22,158
2022-05-21,1353.73,201
2022-05-24,650.27,149
2022-05-25,1204.39,197
2022-05-26,620.81,140
2022-05-26,1036.27,161
2022-05-27,542.24,155
2022-05-29,1402.95,249
2022-06-03,1152.5,211
2022-06-03,1073.17,185
2022-06-04,676.62,166
2022-06-05,1127.55,226
2022-06-06,842.38,172
2022-06-07,1144.88,189
2022-06-08,901.02,158
2022-06-10,1232.07,235
2022-06-11,803.33,153
2022-06-13,756.05,127
2022-06-14,1236.43,203
2022-06-14,1037.52,201
2022-06-17,836.97,174
2022-06-17,778.0,158
2022-06-20,491.27,137
2022-06-20,1184.8,194
2022-06-21,1347.02,230
2022-06-21,1027.01,188
2022-06-22,929.82,212
2022-06-23,660.22,128
2022-06-25,1052.91,168
2022-06-27,1227.07,229
2022-06-30,1209.5,196
2022-07-02,950.61,216
2022-07-04,1149.37,228
2022-07-07,1135.73,177
2022-07-08,556.63,156
2022-07-09,846.35,153
2022-07-09,920.37,153
2022-07-10,708.8,166
2022-07-10,1182.21,188
2022-07-10,911.21,200
2022-07-17,674.4,141
2022-07-18,558.7,105
2022-07-18,1145.86,200
2022-07-19,1356.62,211
2022-07-20,1396.2,242
2022-07-21,837.19,171
2022-07-22,855.05,148
2022-07-26,686.89,158
2022-07-26,1447.37,222
2022-07-26,927.88,180
2022-07-28,744.63,118
2022-07-28,1265.71,209
2022-07-29,884.05,183
2022-07-31,1188.54,222
2022-08-01,1451.15,216
2022-08-01,890.86,196
2022-08-03,946.49,171
2022-08-07,1194.06,219
2022-08-07,1362.07,238
2022-08-10,1308.81,214
2022-08-10,1326.3,199
2022-08-12,821.5,171
2022-08-13,1149.22,172
2022-08-14,768.92,154
2022-08-16,1479.78,271
2022-08-17,663.46,143
2022-08-18,1456.34,255
2022-08-20,531.27,181
2022-08-20,1455.65,186
2022-08-20,1275.96,204
2022-08-22,1203.66,221
2022-08-24,1516.04,231
2022-08-25,1267.73,227
2022-08-30,534.83,141
2022-09-01,626.16,138
2022-09-04,661.22,144
2022-09-05,844.54,181
2022-09-05,1184.67,230
2022-09-07,580.46,147
2022-09-08,1509.44,212
2022-09-08,1269.29,197
2022-09-10,1008.0,188
2022-09-11,823.01,166
2022-09-12,906.32,175
2022-09-13,489.31,111
2022-09-15,1065.54,179
2022-09-16,971.09,169
2022-09-18,984.3,183
2022-09-18,819.37,178
2022-09-20,1000.69,190
2022-09-21,941.48,181
2022-09-22,839.23,174
2022-09-22,1379.21,247
2022-09-26,959.49,195
2022-09-27,1099.52,168
2022-09-27,1374.28,254
2022-09-30,1282.85,203
2022-10-01,982.02,214
2022-10-01,954.67,189
2022-10-02,607.02,133
2022-10-03,852.83,147
2022-10-04,528.7,118
2022-10-06,1086.84,200
2022-10-07,1267.52,209
2022-10-09,648.86,161
2022-10-09,597.75,124
2022-10-09,1306.59,218
2022-10-09,862.95,174
2022-10-11,1156.18,181
2022-10-15,1121.67,188
2022-10-15,1418.44,222
2022-10-16,1209.84,218
2022-10-20,957.24,199
2022-10-21,820.44,153
2022-10-21,1413.13,199
2022-10-23,515.36,120
2022-10-24,775.79,158
2022-10-25,721.02,116
2022-10-25,1041.79,185
2022-10-30,495.51,132
2022-10-31,1519.31,270
2022-10-31,720.7,145
2022-11-01,754.95,176
2022-11-02,527.35,145
2022-11-05,1410.18,231
2022-11-05,1331.38,208
2022-11-09,1344.93,242
2022-11-10,1012.63,162
2022-11-11,1277.3,243
2022-11-11,1315.01,209
2022-11-12,1093.52,210
2022-11-14,927.84,168
2022-11-15,1133.29,153
2022-11-17,1367.28,211
2022-11-17,1372.8,174
2022-11-19,1305.55,256
2022-11-19,1217.03,248
2022-11-19,1096.23,185
2022-11-21,822.33,191
2022-11-22,829.04,178
2022-11-23,1305.69,218
2022-11-23,982.02,202
2022-11-25,552.41,106
2022-11-27,1106.84,190
2022-11-28,781.7,130
2022-12-01,1235.59,214
2022-12-01,1047.78,196
2022-12-01,1428.3,227
2022-12-04,1174.44,205
2022-12-05,821.32,179
2022-12-07,842.13,212
2022-12-10,785.48,146
2022-12-12,700.92,147
2022-12-16,669.11,163
2022-12-17,1336.36,227
2022-12-17,1022.18,125
2022-12-18,600.91,136
2022-12-21,940.89,171
2022-12-23,869.95,161
2022-12-24,961.06,209
2022-12-24,876.86,148
2022-12-25,714.51,160
2022-12-27,1508.14,198
2022-12-28,1017.48,174
2022-12-29,537.74,142
2022-12-30,656.42,113
2023-01-05,552.58,139
2023-01-06,1274.54,191
2023-01-07,593.73,144
2023-01-07,1315.21,221
2023-01-07,1597.2,261
2023-01-10,1026.91,177
2023-01-11,526.66,125
2023-01-11,1159.49,195
2023-01-13,1188.47,224
2023-01-13,1529.52,251
2023-01-13,941.05,186
2023-01-15,1358.8,208
2023-01-16,1188.54,224
2023-01-16,1124.65,190
2023-01-17,1252.2,188
2023-01-18,1370.3,219
2023-01-21,1414.36,187
2023-01-22,1373.84,253
2023-01-27,1289.94,208
2023-01-28,681.56,147
2023-01-28,826.68,158
2023-01-29,1183.44,216
2023-01-30,546.37,154
2023-01-31,1373.33,245
2023-02-01,784.53,145
2023-02-02,745.82,129
2023-02-04,1196.44,234
2023-02-04,919.83,190
2023-02-05,403.44,90
2023-02-06,778.54,131
2023-02-09,1244.48,214
2023-02-11,1190.16,213
2023-02-15,1023.27,200
2023-02-16,820.32,168
2023-02-17,672.38,153
2023-02-17,659.47,156
2023-02-18,835.07,174
2023-02-19,1117.11,226
2023-02-22,1061.47,225
2023-02-22,1393.43,177
2023-02-24,727.89,139
2023-02-25,706.08,125
2023-02-25,1018.13,206
2023-02-27,856.85,170
2023-02-28,563.1,136
2023-03-01,842.92,165
2023-03-01,903.32,189
2023-03-01,655.56,129
2023-03-01,1221.48,191
2023-03-02,699.66,157
2023-03-03,1356.13,243
2023-03-04,950.36,213
2023-03-04,553.01,117
2023-03-05,679.14,172
2023-03-08,1063.91,193
2023-03-09,472.04,113
2023-03-10,711.88,133
2023-03-11,1228.1,215
2023-03-11,844.71,165
2023-03-12,1017.43,193
2023-03-12,1190.92,159
2023-03-13,952.07,176
2023-03-14,981.63,176
2023-03-14,1283.27,238
2023-03-15,1399.56,201
2023-03-15,1116.78,212
2023-03-16,829.26,175
2023-03-18,681.13,168
2023-03-19,860.84,134
2023-03-20,638.27,166
2023-03-21,745.81,190
2023-03-21,723.74,155
2023-03-25,1089.71,226
2023-03-25,798.21,157
2023-03-26,1103.58,205
2023-03-27,657.47,132
2023-03-27,1117.29,197
2023-03-29,916.82,171
2023-03-29,1164.71,198
2023-03-30,990.19,198
2023-03-31,688.52,128
2023-04-01,725.15,119
2023-04-01,1043.24,188
2023-04-02,1084.88,182
2023-04-05,1500.64,230
2023-04-12,707.68,183
2023-04-13,532.4,148
2023-04-14,750.7,145
2023-04-17,685.99,139
2023-04-19,480.58,110
2023-04-21,1181.61,192
2023-04-21,840.13,144
2023-04-22,1448.89,226
2023-04-24,1109.86,196
2023-04-24,1227.14,223
2023-04-25,884.23,190
2023-04-27,707.55,156
2023-04-27,665.35,138
2023-04-29,1334.52,212
2023-04-30,1269.95,198
2023-05-01,1403.55,226
2023-05-03,1190.23,219
2023-05-06,975.49,166
2023-05-08,1153.53,219
2023-05-09,524.76,121
2023-05-09,759.05,150
2023-05-12,1359.37,198
2023-05-14,712.11,152
2023-05-16,1231.85,245
2023-05-16,1200.82,192
2023-05-18,1008.22,147
2023-05-18,531.01,175
2023-05-18,999.66,203
2023-05-19,1194.61,217
2023-05-19,657.79,126
2023-05-20,655.38,133
2023-05-24,1057.52,167
2023-05-27,787.7,162
2023-05-28,1177.35,184
2023-05-28,481.97,109
2023-05-29,762.72,177
2023-06-01,1280.87,207
2023-06-01,1262.96,188
2023-06-03,560.34,174
2023-06-03,677.14,189
2023-06-04,930.42,168
2023-06-04,1359.64,259
2023-06-05,1195.19,232
2023-06-06,802.34,172
2023-06-07,960.88,171
2023-06-08,1094.03,192
2023-06-08,1243.39,195
2023-06-08,1332.22,252
2023-06-10,1091.87,191
2023-06-11,804.48,148
2023-06-12,1376.79,233
2023-06-13,1260.83,201
2023-06-14,643.21,173
2023-06-14,1225.69,212
2023-06-15,936.16,169
2023-06-17,1145.68,199
2023-06-17,1017.57,164
2023-06-18,478.53,131
2023-06-18,1378.19,194
2023-06-18,1290.51,218
2023-06-19,1240.76,149
2023-06-20,572.99,124
2023-06-20,1385.15,222
2023-06-24,690.31,120
2023-06-24,1472.12,253
2023-06-25,783.68,136
2023-06-25,729.69,160
2023-06-25,883.18,191
2023-06-26,1174.58,241
2023-06-28,1118.01,178
2023-06-28,693.16,137
2023-06-30,593.05,153
2023-07-01,1039.04,191
2023-07-01,1025.8,189
2023-07-02,1080.54,187
2023-07-06,784.29,165
2023-07-07,1372.02,178
2023-07-07,675.42,172
2023-07-07,935.41,205
2023-07-10,1429.58,236
2023-07-14,1392.86,223
2023-07-25,770.12,182
2023-07-26,558.25,143
2023-07-26,640.28,111
2023-07-27,1222.72,199
2023-07-27,1024.79,167
2023-07-27,956.85,169
2023-07-30,955.86,185
2023-07-30,776.33,179
2023-07-30,1254.57,204
2023-07-30,998.96,175
2023-07-31,629.43,121
2023-08-01,1254.46,249
2023-08-01,1024.84,214
2023-08-02,1460.59,242
2023-08-04,1456.05,260
2023-08-05,790.75,127
2023-08-07,999.34,211
2023-08-08,1122.31,177
2023-08-11,535.57,157
2023-08-11,716.28,174
2023-08-12,1479.09,235
2023-08-14,1171.03,199
2023-08-15,785.03,143
2023-08-15,1423.03,233
2023-08-17,1453.07,245
2023-08-17,578.28,127
2023-08-18,586.05,120
2023-08-19,562.09,120
2023-08-22,1059.71,169
2023-08-23,913.92,161
2023-08-25,909.79,186
2023-08-28,548.12,125
2023-08-31,964.86,188
2023-09-03,1408.2,235
2023-09-04,1243.74,234
2023-09-04,1191.41,213
2023-09-06,835.87,157
2023-09-06,1399.83,207
2023-09-06,930.92,184
2023-09-08,944.27,143
2023-09-08,1086.49,166
2023-09-08,1377.63,251
2023-09-11,1075.46,189
2023-09-12,1034.21,186
2023-09-13,1261.89,187
2023-09-14,641.83,136
2023-09-14,1473.0,210
2023-09-14,948.44,177
2023-09-15,650.75,149
2023-09-15,593.47,124
2023-09-20,1217.99,187
2023-09-22,946.48,195
2023-09-22,1434.62,208
2023-09-22,1457.37,271
2023-09-23,735.64,137
2023-09-23,1297.8,231
2023-09-26,1091.71,205
2023-09-26,754.28,196
2023-09-26,1350.25,205
2023-09-28,1049.79,211
2023-09-30,474.65,93
2023-09-30,1401.54,257
2023-10-01,893.14,193
2023-10-03,778.79,162
2023-10-03,1308.17,212
2023-10-03,1135.34,176
2023-10-04,835.83,190
2023-10-05,1507.14,251
2023-10-06,1453.26,237
2023-10-07,1318.75,210
2023-10-07,928.35,176
2023-10-07,1340.72,219
2023-10-11,1403.31,237
2023-10-12,670.98,160
2023-10-13,453.36,123
2023-10-13,1044.97,183
2023-10-16,1193.92,190
2023-10-16,843.03,163
2023-10-16,739.99,123
2023-10-18,759.39,157
2023-10-18,1402.81,236
2023-10-19,844.2,154
2023-10-19,1054.11,165
2023-10-20,1250.81,183
2023-10-21,992.91,185
2023-10-23,1231.94,219
2023-10-25,791.04,153
2023-10-26,1005.66,188
2023-10-26,596.88,119
2023-10-29,1107.87,202
2023-10-29,1503.96,264
2023-10-30,872.87,183
2023-10-30,1014.14,162
2023-10-31,980.09,173
2023-11-03,869.18,147
2023-11-03,734.39,173
2023-11-05,841.42,132
2023-11-05,538.81,132
2023-11-05,1043.66,197
2023-11-05,500.99,116
2023-11-06,745.62,158
2023-11-07,518.88,131
2023-11-07,824.5,142
2023-11-07,1274.03,228
2023-11-10,887.91,137
2023-11-13,548.99,144
2023-11-17,1451.14,225
2023-11-17,664.7,142
2023-11-17,837.25,146
2023-11-18,678.55,148
2023-11-18,875.82,188
2023-11-21,586.64,148
2023-11-23,525.17,143
2023-11-23,1106.22,176
2023-11-25,1296.73,175
2023-11-27,763.52,164
2023-11-30,1374.03,238
2023-11-30,1434.17,238
2023-12-02,875.31,174
2023-12-02,900.54,156
2023-12-03,1362.93,222
2023-12-05,534.45,148
2023-12-06,1182.79,221
2023-12-06,1160.78,182
2023-12-10,1474.63,247
2023-12-11,1510.38,242
2023-12-11,1076.01,164
2023-12-13,811.69,167
2023-12-16,578.95,120
2023-12-17,877.18,175
2023-12-20,1396.04,231
2023-12-21,951.18,174
2023-12-23,504.81,126
2023-12-24,1276.11,234
2023-12-24,711.58,122
2023-12-25,619.27,153
2023-12-27,807.21,168
2023-12-27,708.04,183
2023-12-29,553.15,115
2023-12-30,1311.61,243
2023-12-31,1331.58,199
2023-12-31,591.35,120
2024-01-02,1039.15,200
2024-01-02,735.95,151
2024-01-03,476.97,114
2024-01-05,784.53,154
2024-01-05,1438.14,246
2024-01-05,824.9,103
2024-01-07,1406.36,238
2024-01-07,901.81,172
2024-01-14,734.72,155
2024-01-19,1131.57,204
2024-01-20,454.97,118
2024-01-22,814.22,196
2024-01-25,1071.74,173
2024-01-25,1407.82,209
2024-01-25,1394.05,235
2024-01-25,958.72,204
2024-01-26,643.77,140
2024-01-27,756.14,162
2024-01-27,1360.27,221
2024-01-28,1392.65,225
2024-01-30,1229.56,165
2024-02-07,810.55,180
2024-02-10,659.48,134
2024-02-11,1418.98,236
2024-02-12,837.95,195
2024-02-13,1251.6,206
2024-02-15,1067.77,204
2024-02-15,700.38,136
2024-02-16,1399.85,244
2024-02-18,537.75,114
2024-02-19,703.99,131
2024-02-19,636.32,128
2024-02-19,768.32,187
2024-02-20,548.46,121
2024-02-20,563.91,142
2024-02-26,1121.26,152
2024-02-27,1278.12,246
2024-02-27,584.85,145
2024-02-29,1205.74,215
2024-03-01,1127.29,175
2024-03-01,1065.29,201
2024-03-01,539.59,107
2024-03-02,1085.0,196
2024-03-03,513.34,151
2024-03-03,1306.72,199
2024-03-04,1135.1,196
2024-03-05,551.08,124
2024-03-08,967.44,190
2024-03-10,1204.03,239
2024-03-11,1261.33,242
2024-03-11,1125.71,203
2024-03-13,581.89,114
2024-03-19,1473.99,256
2024-03-20,1188.44,213
2024-03-22,1128.02,208
2024-03-23,1181.02,192
2024-03-25,1287.76,247
2024-03-25,1186.03,229
2024-03-27,1226.67,222
2024-03-28,790.1,166
2024-03-29,826.0,104
2024-03-29,1340.88,262
2024-04-01,1221.17,197
2024-04-04,713.24,149
2024-04-08,1520.88,249
2024-04-09,1200.73,212
2024-04-10,765.55,158
2024-04-11,1302.15,211
2024-04-14,612.86,148
2024-04-14,654.45,164
2024-04-16,531.99,163
2024-04-16,504.0,127
2024-04-18,1094.33,164
2024-04-18,1178.03,145
2024-04-21,693.12,150
2024-04-22,530.23,128
2024-04-22,1139.48,207
2024-04-24,598.17,146
2024-04-24,862.05,189
2024-04-24,822.7,178
2024-04-25,1445.22,230
2024-04-26,682.94,159
2024-04-27,813.24,183
2024-04-29,659.79,164
2024-05-01,747.38,148
2024-05-02,671.95,150
2024-05-05,696.8,166
2024-05-10,1020.24,178
2024-05-11,1276.91,214
2024-05-11,520.98,129
2024-05-14,912.21,167
2024-05-15,910.39,188
2024-05-15,940.07,157
2024-05-17,1257.34,220
2024-05-18,917.44,186
2024-05-21,1163.22,194
2024-05-21,680.11,133
2024-05-22,917.06,168
2024-05-23,768.66,150
2024-05-24,1060.67,205
2024-05-26,1196.88,162
2024-05-29,1437.48,225
2024-05-31,700.75,142
2024-06-01,843.47,139
2024-06-03,1080.72,204
2024-06-03,515.1,86
2024-06-06,1031.84,152
2024-06-07,734.96,160
2024-06-11,803.99,187
2024-06-15,1212.88,224
2024-06-16,1355.92,206
2024-06-17,910.66,142
2024-06-17,679.28,138
2024-06-18,975.73,210
2024-06-19,1247.82,237
2024-06-21,539.88,126
2024-06-23,1240.36,211
2024-06-24,630.36,140
2024-06-25,1188.64,175
2024-06-25,795.72,183
2024-06-26,892.89,158
2024-06-26,1397.69,237
2024-06-26,1050.21,206
2024-06-30,834.22,123
2024-07-01,1307.19,200
2024-07-02,951.46,163
2024-07-04,1224.78,177
2024-07-04,837.87,169
2024-07-07,1032.12,196
2024-07-07,1092.71,189
2024-07-11,819.97,179
2024-07-13,1010.47,191
2024-07-13,828.33,140
2024-07-13,585.75,150
2024-07-21,945.6,179
2024-07-21,1280.55,202
2024-07-24,1361.69,220
2024-07-25,829.1,156
2024-07-28,770.33,160
2024-07-28,1078.34,191
2024-07-31,1087.66,160
2024-08-03,640.38,128
2024-08-04,791.6,177
2024-08-05,959.16,162
2024-08-05,1327.65,223
2024-08-06,531.06,146
2024-08-09,708.65,132
2024-08-10,437.07,100
2024-08-10,1286.6,174
2024-08-10,544.65,157
2024-08-11,964.97,169
2024-08-13,661.32,141
2024-08-13,1462.32,217
2024-08-14,512.9,144
2024-08-15,1012.53,174
2024-08-16,797.65,169
2024-08-17,814.37,174
2024-08-18,1102.97,171
2024-08-20,1106.82,190
2024-08-21,1273.49,217
2024-08-23,1401.3,216
2024-08-23,1184.92,198
2024-08-24,648.12,112
2024-08-24,508.88,95
2024-08-25,1416.31,225
2024-08-26,870.6,187
2024-08-27,697.02,160
2024-08-28,1031.82,195
2024-08-28,1325.99,216
2024-08-30,752.37,170
2024-08-31,829.02,135
2024-09-01,507.33,102
2024-09-01,894.85,180
2024-09-02,809.38,160
2024-09-03,1118.73,172
2024-09-03,1016.56,157
2024-09-05,1354.89,170
2024-09-05,1045.06,186
2024-09-06,743.43,144
2024-09-08,1448.01,246
2024-09-11,721.38,101
2024-09-12,593.77,159
2024-09-16,833.85,196
2024-09-18,1442.4,216
2024-09-22,1133.08,184
2024-09-23,1463.6,200
2024-09-24,1210.13,212
2024-09-25,1171.64,194
2024-09-25,1154.38,205
2024-09-25,1177.36,231
2024-09-28,737.15,137
2024-09-30,639.56,111
2024-09-30,659.22,133
2024-10-01,1172.17,188
2024-10-01,562.45,135
2024-10-02,1122.23,202
2024-10-03,933.05,158
2024-10-04,870.5,153
2024-10-07,1233.28,173
2024-10-09,1196.23,169
2024-10-11,587.55,113
2024-10-12,1365.44,200
2024-10-14,613.59,174
2024-10-16,862.67,143
2024-10-17,796.63,143
2024-10-17,1220.66,197
2024-10-17,695.39,112
2024-10-19,1297.95,221
2024-10-21,845.94,158
2024-10-22,1057.99,175
2024-10-26,901.67,178
2024-10-26,999.81,182
2024-10-27,969.88,201
2024-10-29,1432.9,242
2024-10-29,1341.93,202
2024-10-30,1417.95,213
2024-10-30,1268.84,211
2024-11-02,1059.45,162
2024-11-04,964.54,159
2024-11-07,1513.18,211
2024-11-09,855.19,209
2024-11-10,582.6,170
2024-11-10,1046.87,169
2024-11-12,1047.86,168
2024-11-13,792.17,159
2024-11-16,1305.06,209
2024-11-16,563.06,160
2024-11-17,879.92,165
2024-11-18,826.25,178
2024-11-19,1323.45,182
2024-11-20,1259.37,191
2024-11-20,1384.11,224
2024-11-22,979.86,210
2024-11-24,1043.3,186
2024-11-27,1281.47,196
2024-11-28,1516.08,271
2024-12-01,1142.65,191
2024-12-03,1072.21,191
2024-12-03,1205.69,183
2024-12-04,1198.57,181
2024-12-05,1221.84,185
2024-12-08,767.08,172
2024-12-10,777.93,116
2024-12-11,1452.58,217
2024-12-11,581.04,155
2024-12-12,1188.07,245
2024-12-13,517.94,133
2024-12-15,586.31,112
2024-12-15,516.21,156
